"Name","Colour Family","Hex","RGB","CMYK"
"Lilac","Purple","#C8A2C8","200, 162, 200","0, 19, 0, 22"
"Wisteria","Purple","#C9A0DC","201, 160, 220","9, 27, 0, 14"
"Lavender","Purple","#E6E6FA","230, 230, 250","8, 8, 0, 2"
"Lilac","Purple","#C8A2C8","200, 162, 200","0, 19, 0, 22"
"Orchid","Purple","#DA70D6","218, 112, 214","0, 49, 0, 15"
"Mauve","Purple","#E0B0FF","224, 176, 255","12, 31, 0, 0"
"Amethyst","Purple","#9966CC","153, 102, 204","25, 50, 0, 20"
"Plum","Purple","#8E4585","142, 69, 133","0, 51, 6, 44"
"Aubergine","Purple","#3B0910","59, 9, 16","0, 85, 73, 77"
"Violet","Purple","#8F00FF","143, 0, 255","44, 100, 0, 0"
"Midnight Purple","Purple","#280137","40, 1, 55","27, 98, 0, 78"
"Blush","Pink","#DE5D83","222, 93, 131","0, 58, 41, 13"
"Petal","Pink","#FDC1C5","253, 193, 197","0, 24, 22, 1"
"Rose","Pink","#FF007F","255, 0, 127","0, 100, 50, 0"
"Peony","Pink","#E3A857","227, 168, 87","0, 26, 62, 11"
"Pink","Pink","#FFC0CB","255, 192, 203","0, 25, 20, 0"
"Flamingo","Pink","#FC8EAC","252, 142, 172","0, 44, 32, 1"
"Fuchsia","Pink","#FF00FF","255, 0, 255","0, 100, 0, 0"
"Raspberry","Pink","#E30B5D","227, 11, 93","0, 95, 59, 11"
"Magenta","Pink","#FF00FF","255, 0, 255","0, 100, 0, 0"
"Mulberry","Pink","#C54B8C","197, 75, 140","0, 62, 29, 23"
"Salmon","Red","#FA8072","250, 128, 114","0, 49, 54, 2"
"Coral","Red","#FF7F50","255, 127, 80","0, 50, 69, 0"
"Poppy","Red","#ECC5C0","236, 197, 192","0, 17, 19, 7"
"Scarlet","Red","#FF2400","255, 36, 0","0, 86, 100, 0"
"Crimson","Red","#DC143C","220, 20, 60","0, 91, 73, 14"
"Ruby","Red","#E0115F","224, 17, 95","0, 92, 58, 12"
"Carmine","Red","#960018","150, 0, 24","0, 100, 84, 41"
"Garnet","Red","#733635","115, 54, 53","0, 53, 54, 55"
"Merlot","Red","#7F1734","127, 23, 52","0, 82, 59, 50"
"Oxblood","Red","#4A0E0E","74, 14, 14","0, 81, 81, 71"
"Vanilla","Yellow","#F3E5AB","243, 229, 171","0, 6, 30, 5"
"Butter","Yellow","#FFFD74","255, 253, 116","0, 1, 55, 0"
"Lemon","Yellow","#FFF700","255, 247, 0","0, 3, 100, 0"
"Daffodil","Yellow","#FFFF31","255, 255, 49","0, 0, 81, 0"
"Canary","Yellow","#FFEF00","255, 239, 0","0, 6, 100, 0"
"Honey","Yellow","#EBA832","235, 168, 50","0, 29, 79, 8"
"Mustard","Yellow","#FFDB58","255, 219, 88","0, 14, 65, 0"
"Ochre","Yellow","#CC7722","204, 119, 34","0, 42, 83, 20"
"Saffron","Yellow","#F4C430","244, 196, 48","0, 20, 80, 4"
"Gold","Yellow","#FFD700","255, 215, 0","0, 16, 100, 0"
"Ivory","Brown","#FFFFF0","255, 255, 240","0, 0, 6, 0"
"Beige","Brown","#F5F5DC","245, 245, 220","0, 0, 10, 4"
"Sand","Brown","#C2B280","194, 178, 128","0, 8, 34, 24"
"Caramel","Brown","#FFD59A","255, 213, 154","0, 16, 40, 0"
"Camel","Brown","#C19A6B","193, 154, 107","0, 20, 45, 24"
"Chestnut","Brown","#954535","149, 69, 53","0, 54, 64, 42"
"Cognac","Brown","#9A463D","154, 70, 61","0, 55, 60, 40"
"Coffee","Brown","#6F4E37","111, 78, 55","0, 30, 50, 56"
"Chocolate","Brown","#7B3F00","123, 63, 0","0, 49, 100, 52"
"Espresso","Brown","#4B382A","75, 56, 42","0, 25, 44, 71"
"Ice","Blue","#AAF0D1","170, 240, 209","29, 0, 13, 6"
"Powder","Blue","#B0E0E6","176, 224, 230","23, 3, 0, 10"
"Sky","Blue","#87CEEB","135, 206, 235","43, 12, 0, 8"
"Azure","Blue","#007FFF","0, 127, 255","100, 50, 0, 0"
"Cornflower","Blue","#6495ED","100, 149, 237","58, 37, 0, 7"
"Cobalt","Blue","#0047AB","0, 71, 171","100, 58, 0, 33"
"Sapphire","Blue","#0F52BA","15, 82, 186","92, 56, 0, 27"
"Royal","Blue","#4169E1","65, 105, 225","71, 53, 0, 12"
"Navy","Blue","#000080","0, 0, 128","100, 100, 0, 50"
"Midnight","Blue","#191970","25, 25, 112","78, 78, 0, 56"
"Sky","Blue","#87CEEB","135, 206, 235","43, 12, 0, 8"
"Pool","Blue","#00B2EE","0, 178, 238","100, 25, 0, 7"
"Blue","Blue","#0000FF","0, 0, 255","100, 100, 0, 0"
"Oxford Blue","Blue","#002147","0, 33, 71","100, 54, 0, 72"
"Chagall","Blue","#325A9B","50, 90, 155","68, 42, 0, 39"
"Marine","Blue","#003262","0, 50, 98","100, 49, 0, 62"
"Midnight","Blue","#191970","25, 25, 112","78, 78, 0, 56"
"Magpie","Blue","#273248","39, 50, 72","46, 31, 0, 72"
"Cornflower","Blue","#6495ED","100, 149, 237","58, 37, 0, 7"
"Icicle","Blue","#DADFB7","218, 223, 183","2, 0, 18, 13"
"Pearl","Grey","#EAE0C8","234, 224, 200","0, 4, 15, 8"
"Silver","Grey","#C0C0C0","192, 192, 192","0, 0, 0, 25"
"Dove","Grey","#666666","102, 102, 102","0, 0, 0, 60"
"Mist","Grey","#C4C4C4","196, 196, 196","0, 0, 0, 23"
"Ash","Grey","#B2BEB5","178, 190, 181","6, 0, 5, 25"
"Slate","Grey","#708090","112, 128, 144","22, 11, 0, 44"
"Smoke","Grey","#738276","115, 130, 118","12, 0, 9, 49"
"Graphite","Grey","#383838","56, 56, 56","0, 0, 0, 78"
"Charcoal","Grey","#36454F","54, 69, 79","32, 13, 0, 69"
"Onyx","Grey","#353839","53, 56, 57","7, 2, 0, 78"
"Apricot","Orange","#FFC499","255, 196, 153","0, 23, 40, 0"
"Peach","Orange","#FFD7BE","255, 215, 190","0, 16, 27, 0"
"Melon","Orange","#F5DEB3","245, 222, 179","0, 10, 30, 0"
"Tangerine","Orange","#FF9900","255, 153, 0","0, 40, 100, 0"
"Marigold","Orange","#F7DC6F","247, 220, 111","0, 11, 57, 0"
"Amber","Orange","#FFC080","255, 192, 128","0, 25, 50, 0"
"Pumpkin","Orange","#FFA07A","255, 160, 122","0, 37, 52, 0"
"Terracotta","Orange","#DA70D6","218, 112, 214","0, 49, 99, 29"
"Spice","Orange","#C8531F","200, 83, 31","16, 59, 92, 3"
"Rust","Orange","#B33A00","179, 58, 0","19, 68, 100, 0"
"Seafoam","Blue-Grey","#B2E6CE","178, 230, 206","0, 5, 25, 0"
"Mint","Blue-Grey","#ACFFAC","172, 255, 172","0, 0, 33, 0"
"Aqua","Blue-Grey","#00FFFF","0, 255, 255","50, 0, 0, 0"
"Turquoise","Blue-Grey","#1ABC9C","26, 188, 156","20, 2, 10, 11"
"Teal","Blue-Grey","#008080","0, 128, 128","60, 33, 46, 4"
"Lagoon","Blue-Grey","#34A85A","52, 168, 90","23, 1, 17, 25"
"Peacock","Blue-Grey","#00BFFF","0, 191, 255","50, 1, 0, 0"
"Petrol","Blue-Grey","#4169E1","65, 105, 225","22, 55, 95, 5"
"Atlantic","Blue-Grey","#03A9F4","3, 169, 244","25, 31, 96, 20"
"Abyss","Blue-Grey","#032B44","3, 43, 68","62, 37, 94, 22"
"Mint","Green","#ACFFAC","172, 255, 172","0, 0, 33, 0"
"Sage","Green","#8B9467","139, 148, 103","25, 15, 60, 17"
"Pistachio","Green","#C2E4D3","194, 228, 211","0, 5, 22, 10"
"Olive","Green","#556B2F","85, 107, 47","40, 18, 91, 20"
"Fern","Green","#3E8E41","62, 142, 65","27, 1, 51, 25"
"Emerald","Green","#008000","0, 128, 0","75, 50, 100, 0"
"Jade","Green","#00A86B","0, 168, 107","60, 2, 20, 11"
"Forest","Green","#228B22","34, 139, 34","25, 15, 55, 17"
"Pine","Green","#3E8E41","62, 142, 65","27, 1, 51, 25"
"Evergreen","Green","#2F4F4F","47, 79, 79","35, 21, 75, 20"
"Soft Pink","Pink","#F6B7C8","246, 183, 200","1, 35, 6, 0"
"Light Cream","Cream","#FFEEEE","255, 238, 238","0, 7, 7, 0"
"Berry Red","Red","#C81D4F","200, 29, 79","16, 100, 61, 3"
"Cone Beige","Beige","#C98A57","201, 138, 87","20, 49, 73, 2"
"Matcha Lime","Yellow-Green","#A9C632","169, 198, 50","15, 0, 75, 22"
"Forest Brew","Brown-Grey","#1D2E1B","29, 46, 27","37, 0, 41, 82"
"Tea Mist","Cream","#C8D2A6","200, 210, 166","23, 8, 41, 25"
"Bamboo Beige","Beige","#E6D4A6","230, 212, 166","10, 13, 38, 0"